add_id,delivery_address1,delivery_address2,delivery_city,delivery_zipcode
1,229 Chelsea Port Apt. 645,,Port Jessica,81887
2,218 Jessica Crest Apt. 571,,Kimberlyborough,10334
3,707 Matthew Haven,,Murraytown,85051
4,9859 Jenkins Turnpike Suite 922,,Port Gregory,8476
5,07346 Richard Mount,,Tiffanyfort,16354
6,5707 Glover Circles Suite 588,,Cervantesview,31960
7,79371 Ortiz Drives,,Jacksonhaven,4756
8,07579 Ramirez Pike,,Kristaburgh,89984
9,205 Goodman Way Suite 018,,Lake Kathrynbury,84504
10,21148 Katie Roads Apt. 727,,Lake Allisonmouth,73244
11,163 Cantrell Flats Apt. 058,,South Kathryn,48916
12,68874 Ruiz Spring,,Watkinsstad,80682
13,444 Mariah Stravenue,,Davisfort,35621
14,814 Michael Isle Suite 751,,Wrightview,68236
15,267 Lawrence Parkway,,Juanview,83250
16,725 Doyle Fields,,Jamieburgh,52240
17,65480 John Branch Suite 063,,Port Lauren,21652
18,1368 Smith Manor,,Andreafort,91642
19,4071 Bonnie Trail Suite 267,,North Hollyside,61209
20,9831 Monica Port,,Riverachester,26631
21,684 Sarah Shoals,,East Manuelmouth,68947
22,6614 Owens Junctions Suite 370,,East David,80777
23,937 Thomas Field Apt. 790,,North Gina,88682
24,98503 Samantha Manor,,East Curtisborough,45872
25,8997 Heather Spring Suite 460,,North Tonyside,15425
26,16810 Phillips Mill,,Gardnerland,38809
27,2315 Steven Hill,,Lake Jasonton,14503
28,78532 Montes Parkway Suite 734,,North Michael,58496
29,387 Sara Burgs Suite 160,,South Margaret,28442
30,87380 Mary Rapids Apt. 262,,Romeroberg,76551
31,1609 Carol Drive,,South Keith,8391
32,76311 Katelyn Cliffs,,Justinburgh,19576
33,9543 Donna Ridge Apt. 769,,Heathermouth,71564
34,3117 Price Knolls,,Lawrenceland,45698
35,6961 Mahoney Crossroad,,Brianhaven,98182
36,82277 Shaw Gardens,,Allisonville,33894
37,2758 Ashley Highway Apt. 916,,Perryfort,48259
38,8489 Wright Landing Apt. 447,,Karahaven,98169
39,65506 Donna Brooks Apt. 537,,Michaelhaven,42305
40,494 Roger Well Apt. 981,,Lake Derrick,2544
41,384 Young Walk,,Ashleyside,6418
42,9227 Ian Keys Suite 390,,Port Richardport,86359
43,4956 Angela Viaduct Suite 441,,Robertshaven,95255
44,014 Hannah Path,,East Christopher,84779
45,41387 Jasmine Ports Apt. 633,,Port Christopher,77300
46,6284 Christopher Glen,,West Jamiefurt,42975
47,2417 Thomas Hollow,,Diazfort,14385
48,49186 Rachael Village,,New Bradystad,59978
49,4619 Samuel Branch,,New Lindsey,65151
50,751 Alyssa Canyon Suite 333,,Tranview,97074
51,24436 James Coves,,Connerfurt,50000
52,5819 Amanda Court Suite 974,,Trevorland,21318
53,14953 Patterson Extensions Apt. 837,,South Jeremy,69752
54,70979 Walker Course,,Barnesport,92057
55,142 Hubbard Way,,West Michaela,89911
56,897 Christine Inlet Apt. 025,,Michaelview,19912
57,57447 Moore Valley,,Rossfort,11823
58,800 Gabriela Village Apt. 068,,New Mark,48907
59,56842 Rachel Brooks,,Port Tristanmouth,66809
60,372 Martin Run,,Francoshire,71696
61,98645 Anderson Road,,Reynoldsburgh,21164
62,198 Brenda Drive,,East Tiffany,47600
63,658 Stephen Ways,,West Justinmouth,4142
64,52102 Miller Drives Suite 892,,Erinburgh,68174
65,4901 Myers Square,,Josephfurt,26250
66,29798 Ethan Wells,,Brownshire,12228
67,724 Stephanie Walks Apt. 338,,Dixonberg,85965
68,207 Booth Motorway,,South Alyssaborough,37273
69,8102 Melinda Station Apt. 632,,Rebeccaview,64149
70,1150 Amanda Valley Apt. 053,,New Johnnyville,15742
71,8189 Allen Bypass,,Jamesview,15578
72,389 Smith Square,,East Josephborough,73037
73,331 Teresa Hill,,Joshuaport,10716
74,14324 Page Isle Suite 368,,New Elizabethville,68315
75,93994 Brian Tunnel,,New Michael,69746
76,9953 Parker Forges Apt. 625,,Knoxmouth,1870
77,087 Cline Hills,,Jennifermouth,63083
78,0229 Dominguez Ports Suite 932,,West Davidborough,80209
79,7585 Jennifer Fields,,South Thomas,91828
80,1535 Corey Forges Apt. 644,,West Catherinefurt,80536
81,669 Rebecca Loop Apt. 199,,West Holly,99211
82,2857 Emily Ferry,,Wheelermouth,38150
83,76173 Chan Crest Suite 130,,West Michael,54909
84,52569 Tucker Ramp,,Wrightmouth,59479
85,1033 Brown Lodge,,Morrisbury,80452
86,061 Cameron Village,,New April,84073
87,49388 Wilson Plain Suite 924,,East Brianville,90786
88,51457 Tucker Run Apt. 334,,East Heather,79534
89,3700 Heather Well,,Connerhaven,2774
90,5357 Vincent Views Suite 231,,Kathyfurt,88573
91,260 Matthew Cliff Apt. 475,,New Timothyfort,21683
92,6879 Oliver Park,,Aprilton,78739
93,70602 Jones Walks Apt. 383,,East Amy,92611
94,946 Jody Prairie Suite 543,,New Hectorhaven,11586
95,3269 Jon Freeway,,New Kathleenbury,18237
96,51403 Cox Views,,Jordanside,66983
97,76031 Petty Fields,,Huertashire,8577
98,59744 David Rest,,Cherylchester,87458
99,3546 Oliver Valleys Apt. 542,,South Laurie,92372
100,223 Gould Forges Apt. 847,,Williamsland,58627
