row_id,cust_firstname,cust_lastname
1,Tiffany,Jackson
2,Patricia,Gonzalez
3,Savannah,Anderson
4,Kimberly,Bass
5,David,Glenn
6,Alexander,Michael
7,Ryan,Morse
8,Katelyn,Obrien
9,Jasmine,Fernandez
10,Marissa,Benjamin
11,Bonnie,Robinson
12,Kristy,Key
13,Scott,Watson
14,Eric,Smith
15,James,Taylor
16,Thomas,Johnson
17,Ronald,Wells
18,Amanda,Rasmussen
19,Summer,Francis
20,Kyle,Benjamin
21,Donna,Johnson
22,Jacqueline,Thompson
23,Stephanie,Frey
24,Shelby,Donaldson
25,Rebecca,Macias
26,Stacy,Little
27,Steven,Clark
28,Maureen,Taylor
29,Miranda,Nash
30,Carmen,Bryant
31,Kimberly,Clark
32,Joanne,Parker
33,Evelyn,Garrett
34,Kimberly,Hahn
35,Ashley,White
36,Veronica,Long
37,Candace,Johnson
38,Michael,Ross
39,Mark,Olson
40,Christopher,Young
41,Hannah,Oconnor
42,Michael,Meadows
43,Jonathan,Howard
44,Lisa,Wilson
45,Kristen,Farmer
46,Nicole,Navarro
47,Daniel,Pittman
48,Andrea,Williams
49,Sarah,Reynolds
50,Matthew,Alexander
51,Brandi,Jimenez
52,Gabriel,Nelson
53,Kyle,Jackson
54,Tamara,Sanchez
55,Lindsay,Bauer
56,Mariah,Thompson
57,Elizabeth,Noble
58,Peter,Hill
59,Mark,Smith
60,Michael,Tran
61,Kylie,Kelly
62,Scott,Howard
63,Kelli,Terry
64,Aaron,Durham
65,Kimberly,Ball
66,Heather,Bradshaw
67,Jennifer,Wiggins
68,Jason,Mccullough
69,Andrea,Parsons
70,Joseph,Holmes
71,Tanya,Richardson
72,Albert,Arellano
73,Erica,Bailey
74,Belinda,Walsh
75,Madison,Adkins
76,Maria,Brown
77,Rebecca,Johnson
78,Michael,Shaffer
79,Steve,Esparza
80,Mark,Williams
81,Raymond,Scott
82,Shane,Fisher
83,Martin,Clark
84,Rachel,Miller
85,Logan,Oliver
86,James,Hernandez
87,Kimberly,Bell
88,David,Cooper
89,Rachel,Rosales
90,Kevin,Campbell
91,Jason,Norman
92,Christina,Fletcher
93,Cody,Moore
94,Vanessa,Hatfield
95,Zachary,Smith
96,Michael,Anthony
97,Corey,Mitchell
98,William,Sanchez
99,Laura,Jones
100,Jennifer,Espinoza
